kanji,onyomi,kunyomi,sezzoku
╔╧,е╕ечеж,джди,
,е╖ечеж,дждя,
,,длд▀,
,,дв,д▓ды
,,дв,дмды
,,д╬д▄,ды
,,д╬д▄,д╗ды
,,д╬д▄,д╣
╧┬,ел,д╖д┐,
,е▓,д╖дт,
,,дтд╚,
,,д╡,д▓ды
,,д╡,дмды
,,дпд└,ды
,,дпд└,д╣
,,дпд└,д╡ды
,,дк,дэд╣
,,дк,дъды
╓ў,е╖ех,д╠д╖,
,е╣,дкдт,
╜╗,е│еж,д▐д╕,дяды
,,д▐д╕,диды
,,д▐,д╕ды
,,д▐,д╢ды
,,д▐,д╝ды
,,дл,дж
,,дл,дяд╣
┤·,е└ед,дл,дяды
,е┐ед,дл,диды
,,дш,
,,д╖дэ,
╤Ў,еоечеж,двдк,д░
,е│еж,дкдк,д╗
╣й,енечеж,д╜д╩,диды
,еп,д╚дт,
ВО,е┴,д═,
,,двд┐дд,
В╬,ео,ддд─дя,ды
,,д╦д╗,
В√,е╖ечеж,днд║,
,,ддд┐,др
,,ддд┐,дсды
ГЮ,ецеж,дфд╡,д╖дд
,,д╣д░,дьды
╚ы,е╦ехеж,дд,ды
,,дд,дьды
,,д╧дд,ды
░╦,е╧е┴,дф,
,,дфд├,д─
,,дшдж,
└ф,еьед,д─дс,д┐дд
,,д╥,диды
,,д╥,дф
,,д╥,дфд╣
,,д╥,дфдлд╣
,,д╡,дсды
,,д╡,д▐д╣
│Ў,е╖ехе─,д╟,ды
,е╣ед,д└,д╣
│ї,е╖еч,д╧д╕,дс
,,д╧д╕,дсд╞
,,д╧д─,
,,дждд,
,,д╜,дсды
╕ю,еле─,дя,ды
,,дядъ,
,,дя,дьды
,,д╡,дп
╓·,е╕еч,д┐д╣,д▒ды
,,д┐д╣,длды
,,д╣д▒,
Д┘,е╖ечеж,дл,д─
,,д▐д╡,ды
╒╝,е╗еє,д╖,дсды
,,дждщд╩,дж
ЕЧ,е▓еє,дкд┤д╜,дл
,е┤еє,днд╙,д╖дд
║═,ея,дфдя,дщд░
,ек,дфдя,дщд▓ды
,,д╩д┤,др
,,д╩д┤,дфдл
ЙИ,е╛еж,д▐,д╣
,,д╒,диды
,,д╒,дфд╣
═т,емед,д╜д╚,
,е▓,д█дл,
,,д╧д║,д╣
,,д╧д║,дьды
┼о,е╕еч,дкдєд╩,
,е╦еч,дс,
,е╦ечеж,,
║├,е│еж,д│д╬,др
,,д╣,дп
╝▐,ел,дшдс,
,,д╚д─,д░
╞▀,е╖е┴,д╩д╩,
,,д╩д╩,д─
,,д╩д╬,
╚¤,е╡еє,д▀,
,,д▀,д─
,,д▀д├,д─
БK,е╪ед,д╩д▀,
,,д╩дщ,д┘ды
,,д╩дщ,д╓
,,д╩дщ,д╙д╦
╚щ,е╦ехеж,д┴д┴,
,,д┴,
║╬,ел,д╩д╦,
,,д╩дє,
ВS,е▒ед,длдл,ды
,,длдлдъ,
╣т,е│еж,д╥дл,ды
,,д╥длдъ,
┴∙,еэеп,др,
,,др,д─
,,дрд├,д─
,,дрдд,
ГЎ,е╚еж,д│дк,ды
,,д│д┤,диды
╩о,е╕ехеж,д╚дк,
,е╕е├,д╚,
╬г,ен,двд╓,д╩дд
,,двдф,дждд
,,двдф,д╓др
ЖЦ,етеє,д╚,дж
,,д╚,дд
,,д╚дє,
╦─,е╖,дш,
,,дш,д─
,,дшд├,д─
,,дшдє,
╗∙,ен,дтд╚,
,,дтд╚дд,
╔∙,е╗ед,д│ди,
,е╖ечеж,д│дя,
╥╣,еф,дш,
,,дшды,
╠ь,е╞еє,двдс,
,,двд▐,
Мg,е╕е─,д▀,
,,д▀д╬,ды
╕╗,е╒,д╚,др
,е╒еж,д╚д▀,
╥╗,еде┴,д╥д╚,
,еде─,д╥д╚,д─
═ш,емеє,д▐ды,
,,д▐ды,дд
,,д▐ды,дсды
Б\,е╕ечеж,д╬,ды
,,д╬,д╗ды
╛┼,енехеж,д│д│д╬,
,еп,д│д│д╬,д─
┬╥,ещеє,д▀д└,дьды
,,д▀д└,д╣
╟м,елеє,длдя,дп
,,длдя,длд╣
╢■,е╦,д╒д┐,
,,д╒д┐,д─
╬х,е┤,ддд─,
,,ддд─,д─
╕╢,е╒,д─,д▒ды
,,д─,дп
╚╬,е╦еє,д▐дл,д╗ды
,,д▐дл,д╣
╖№,е╒еп,д╒,д╗ды
,,д╒,д╣
╨▌,енехеж,дфд╣,др
,,дфд╣,д▐ды
,,дфд╣,дсды
Б╗,е╟еє,д─д┐,дяды
,,д─д┐,диды
,,д─д┐,дж
╔ь,е╖еє,д╬,д╙ды
,,д╬,д╨д╣
╡═,е╞ед,д╥дп,дд
,,д╥дп,дсды
,,д╥дп,д▐ды
╫б,е╕ехеж,д╣,др
,,д╣,д▐дж
╙р,еш,двд▐,ды
,,двд▐,д╣
╨▐,е╖ехеж,дкд╡,дсды
,е╖ех,дкд╡,д▐ды
╡╣,е╚еж,д┐дк,дьды
,,д┐дк,д╣
Вф,е╙,д╜д╩,диды
,,д╜д╩,дяды
ГA,е▒ед,длд┐др,дп
,,длд┐др,д▒ды
╒╫,е┴ечеж,днд╢,д╣
,,днд╢,д╖
╨┤,е╖еу,джд─,д╣
,,джд─,ды
─¤,еоечеж,д│,ды
,,д│,дщд╣
╖╓,е╓еє,дя,д▒ды
,е╒еє,дя,длдьды
,е╓,дя,длды
,,дя,длд─
╟╨,е╗е─,дн,ды
,е╡ед,дн,дьды
┤╠,е╖,д╡,д╣
,,д╡,д╡ды
╝╙,ел,дпдя,диды
,,дпдя,дяды
└°,еьед,д╧д▓,др
,,д╧д▓,д▐д╣
Д╙,е╔еж,джд┤,дп
,,джд┤,длд╣
╟┌,енеє,д─д╚,дсды
,е┤еє,д─д╚,д▐ды
╗п,ел,д╨,д▒ды
,е▒,д╨,длд╣
▒░,е╥,дддф,д╖дд
,,дддф,д╖др
,,дддф,д╖дсды
╝░,енехеж,дкдш,д╓
,,дкдш,д╙
,,дкдш,д▄д╣
╖┤,е╧еє,д╜,ды
,е█еє,д╜,дщд╣
,е┐еє,,
Ез,е╖ехеж,дкд╡,дсды
,,дкд╡,д▐ды
╩▄,е╕ех,дж,д▒ды
,,дж,длды
╣┼,е│,д╒ды,дд
,,д╒ды,д╣
║╧,е┤еж,дв,дж
,еме├,дв,дяд╣
,еле├,дв,дяд╗ды
╧Є,е│еж,др,дп
,,др,д▒ды
,,др,длдж
,,др,д│дж
║м,емеє,д╒дп,др
,,д╒дп,дсды
╬╢,е▀,двд╕,
,,двд╕,дядж
░з,евед,двдя,дь
,,двдя,дьдр
З@,е┐еє,д╩д▓,дп
,,д╩д▓,длдяд╖дд
╗╪,елед,д▐дя,ды
,еи,д▐дя,д╣
Зь,ед,длд│,др
,,длд│,дж
╣╠,е│,длд┐,дсды
,,длд┐,д▐ды
,,длд┐,дд
┤╣,е╣ед,д┐,дьды
,,д┐,дщд╣
┬ё,е▐ед,дж,дсды
,,дж,д▐ды
,,дж,дтдьды
Й▓,елед,д│дя,д╣
,,д│дя,дьды
Й╙,е╨ед,дж,ды
,,дж,дьды
Йф,е╪еє,дл,дяды
,,дл,диды
┤є,е└ед,дкдк,
,е┐ед,дкдк,дндд
,,дкдк,ддд╦
╠л,е┐ед,д╒д╚,дд
,е┐,д╒д╚,ды
╩╝,е╖,д╧д╕,дсды
,,д╧д╕,д▐ды
╢и,е╞ед,д╡д└,дсды
,е╕ечеж,д╡д└,д▐ды
,,д╡д└,дл
╦▐,е╖ехеп,дфд╔,
,,дфд╔,ды
,,дфд╔,д╣
╝┼,е╕еуеп,д╡д╙,
,е╗ен,д╡д╙,д╖дд
,,д╡д╙,дьды
╝─,ен,дш,ды
,,дш,д╗ды
╟▐,е╖еє,д═,ды
,,д═,длд╣
╛═,е╖ехеж,д─,дп
,е╕ех,д─,д▒ды
╛б,е╕еє,д─,дпд╣
,,д─,днды
,,д─,длд╣
╒╔,е╕ечеж,д┐д▒,
╙ы,еш,двд┐,диды
╩└,е╗ед,дш,
,е╗,,
╟Ё,енехеж,дкдл,
╓╨,е┴ехеж,д╩дл,
╛├,енехеж,д╥д╡,д╖дд
,еп,,
╖ж,е▄еж,д╚д▄,д╖дд
╒∙,е╜еж,двдщд╜,дж
╩┬,е╕,д│д╚,
,е║,,
╗е,е┤,д┐дм,дд
╛о,е╗ед,дд,
,е╖ечеж,,
═Ў,е▄еж,д╩,дд
,етеж,,
╚╦,е╕еє,д╥д╚,
,е╦еє,,
╜ё,е│еє,ддд▐,
,енеє,,
БЦ,е╓е─,д█д╚д▒,
╩╦,е╖,д─дл,диды
,е╕,,
Бв,ел,длдъ,
,е▒,,
╓┘,е┴ехеж,д╩дл,
╞є,ен,дпдяд└,д╞ды
╗с,елед,дв,дж
,еи,,
░щ,е╧еє,д╚дтд╩,дж
,е╨еє,,
╦┼,е╖,дждлдм,дж
╦╞,е╕,д╦,ды
╬╗,ед,дпдщдд,
╠х,е┐ед,длдщд└,
,е╞ед,,
╫ў,е╡еп,д─дп,ды
,е╡,,
Бу,е╪ед,двдя,д╗ды
╩╣,е╖,д─дл,дж
└¤,еьед,д┐д╚,диды
╩╠,е╕,д╡дрдщдд,
Б¤,ел,двд┐дд,
╬ъ,е╓,двд╩д╔,ды
╟╓,е╖еє,дкдл,д╣
▒у,е┘еє,д┐дш,дъ
,е╙еє,,
┤┘,е╜еп,джд╩дм,д╣
▒г,е█,д┐дт,д─
Вl,е╥ечеж,д┐дядщ,
В},е╜еж,дпдщ,
║Є,е│еж,д╜дждэдж,
╜ш,е╖еуеп,дл,дъды
ВН,е█еж,д╩дщ,дж
Ве,ед,дидщ,дд
╞л,е╪еє,длд┐дш,ды
╜б,е▒еє,д╣д│,дфдл
В╚,е╜еп,длдя,
░°,е▄еж,длд┐дя,дщ
Ву,е╡еє,длд╡,
┤▀,е╡ед,дтдшдк,д╣
ГP,е╔еж,д╧д┐дщ,дп
ГФ,е╖ечеж,д─д░д╩,дж
╘к,е▓еє,дтд╚,
,емеє,,
╨╓,е▒ед,двд╦,
,енечеж,,
│ф,е╕ехеж,дв,д╞ды
╧╚,е╗еє,д╡дн,
├т,есеє,д▐д╠дл,дьды
╚л,е╝еє,д▐д├д┐,дп
╣л,е│еж,дкдкдфд▒,
╣▓,енечеж,д╚дт,
╝ц,е▒еє,дл,д═ды
─┌,е╩ед,джд┴,
,е└ед,,
Г╥,еиеє,д▐ды,дд
╘┘,е╡ед,д╒д┐д┐,д╙
,е╡,,
├░,е▄еж,дкдл,д╣
╣┌,елеє,длдєдрдъ,
╢м,е╚еж,д╒дц,
╡╢,е╚еж,длд┐д╩,
╚╨,е╕еє,д╧,
Дe,е┘е─,дядл,дьды
└√,еъ,дн,дп
╦в,е╡е─,д╣,ды
┐╠,е│еп,днд╢,др
╧ў,е╡еп,д▒д║,ды
╟░,е╝еє,д▐ди,
ДЗ,е▒еє,д─дыдо,
┴ж,еъечеп,д┴длдщ,
,еъен,,
┴╙,еье─,дкд╚,ды
┼м,е╔,д─д╚,дсды
Д┐,е│еж,дн,дп
╙┬,ецеж,ддд╡,др
Д╒,ер,д─д╚,дсды
─╝,е▄,д─д╬,ды
Д▌,е╗ед,дддндк,дд
Дс,елеє,д╣д╣,дсды
░№,е█еж,д─д─,др
▒▒,е█еп,днд┐,
╞е,е╥е─,д╥дн,
╟з,е╗еє,д┴,
╔¤,е╖ечеж,д▐д╣,
░ы,е╧еє,д╩дл,д╨
─╧,е╩еє,д▀д╩д▀,
,е╩,,
╙б,едеє,д╖дыд╖,
┬╤,ещеє,д┐д▐д┤,
║ё,е│еж,двд─,дд
╘н,е▓еє,д╧дщ,
╚е,енеч,д╡,ды
,е│,,
▓╬,е╡еє,д▐дд,ды
╙╤,ецеж,д╚дт,
╦л,е╜еж,д╒д┐,
╚б,е╖ех,д╚,ды
┐┌,е│еж,дпд┴,
,еп,,
╜╨,енечеж,д╡д▒,д╓
╒┘,е╖ечеж,дс,д╣
╙╥,еж,д▀до,
,ецеж,,
╕ў,елеп,дкд╬дкд╬,
═м,е╔еж,дкд╩,д╕
├√,есед,д╩,
,е▀ечеж,,
═┬,е╚,д╧,дп
╛¤,епеє,днд▀,
╖ё,е╥,ддд╩,
╬№,енехеж,д╣,дж
┤╡,е╣ед,д╒,дп
╕ц,е│еп,д─,д▓ды
╓▄,е╖ехеж,д▐дя,дъ
║Ї,е│,дш,д╓
├№,есед,ддд╬д┴,
,е▀ечеж,,
╞╖,е╥еє,д╖д╩,
╦Ї,е╡,д╜д╜д╬дл,д╣
┤╜,е╖еє,дпд┴д╙ды,
╠╞,е╚еж,длдщ,
│к,е╖ечеж,д╚д╩,диды
╔╠,е╖ечеж,двднд╩,дж
╔╞,е╝еє,дш,дд
╧▓,ен,дшдэд│,д╓
Ж╩,е╜еж,дт,
Ж╙,еиед,ддд╚д╩,др
╞ў,ен,джд─дя,
ЗК,е╒еє,д╒,дп
╥Є,едеє,дш,ды
└з,е│еє,д│д▐,ды
Зэ,е║,д╧дл,ды
,е╚,,
╣·,е│еп,дпд╦,
И@,еиеє,д╜д╬,
═┴,е╔,д─д┴,
,е╚,,
╘┌,е╢ед,дв,ды
█р,е╧еє,д╡дл,
╨═,е▒ед,длд┐,
│╟,е╕ечеж,д╖дэ,
И╠,е╖е─,д╚,ды
,е╖ехеж,,
┼р,е╨ед,д─д┴дл,дж
И╘,е▒еє,длд┐,дд
╡╠,е╞ед,д─д─д▀,
┐░,елеє,д┐,диды
Иє,е█еж,дрдп,ддды
ИЎ,е╕ечеж,д╨,
ЙK,елед,длд┐д▐дъ,
ЙT,е╚,д╠,ды
Йc,еиеє,д╖дк,
╛│,енечеж,д╡длдд,
,е▒ед,,
─╣,е▄,д╧дл,
─л,е▄еп,д╣д▀,
▒┌,е╪ен,длд┘,
╧─,ел,д╩д─,
,е▓,,
╧ж,е╗ен,дцдж,
╢р,е┐,дкдк,дд
ЙЇ,ер,дцдс,
╖Є,е╒,дкд├д╚,
,е╒еж,,
╩з,е╖е─,джд╖д╩,дж
╖ю,е█еж,д┐д╞д▐д─,ды
,е╓,,
╫р,е╜еж,длд╩,д╟ды
╞ї,е▒ед,д┴до,ды
░┬,екеж,дкдп,
КZ,е└е─,джд╨,дж
К^,е╒еє,д╒ды,дж
╖┴,е▄еж,д╡д▐д┐,д▓ды
├├,е▐ед,дддтджд╚,
╞▐,е╡ед,д─д▐,
КЧ,е╖,двд═,
╫╦,е╖,д╣дмд┐,
╨Ў,е╗ед,дрд│,
╫╙,е╖,д│,
,е╣,,
╫╓,е╕,двд╢,
╤з,емеп,д▐д╩,д╓
МO,е╜еє,д▐д┤,
░▓,евеє,дфд╣,дд
▒ж,е█еж,д┐длдщ,
╩╥,е╖е─,дрдэ,
Мm,енехеж,д▀дф,
,е░еж,,
,еп,,
╧№,е╖ечеж,дшдд,
║о,елеє,д╡др,дд
╦┬,е╕,д╞дщ,
╩┘,е╕ех,д│д╚д╓дн,
МЯ,е╗еє,дтд├д╤,дщ
╔ф,е╖еу,дд,ды
Мд,е╕еє,д┐д║,д═ды
╨╢,,дкдэ,д╣
,,дкдэд╖,
╜ь,,д╚д╔,д▒ды
,,д╚д╔,дп
╛▌,,д╣,диды
,,д╣,дяды
╟╥,,дл,д─
╡л,,д┐д└,д╖
╪╫,,дл,ды
Дї,,дтдєдс,
╙╓,,д▐д┐,
ЖD,,д╡,дп
╞║,,д─д▄,
╘л,,длдн,
╢б,е┴ечеж,,
,е╞ед,,
═Є,е▐еє,,
,е╨еє,,
▓╗,е╒,,
,е╓,,
╛й,енечеж,,
,е▒ед,,
╚╩,е╕еє,,
,е╦,,
╥└,ед,,
,еи,,
Г╣,е╕,,
,е╦,,
▒°,е╪ед,,
,е╥ечеж,,
Г╘,е╡е─,,
,е╡еп,,
╖▓,е▄еє,,
,е╧еє,,
┼╨,е╧еє,,
,е╨еє,,
╣ж,е│еж,,
,еп,,
▓й,е╧еп,,
,е╨еп,,
╠и,е└ед,,
,е┐ед,,
╝к,ене┴,,
,ене─,,
╬и,ецед,,
,ед,,
Зт,е└еє,,
,е╚еє,,
╡╪,е┴,,
,е╕,,
Эh╫╓,╥Ї╒iд▀,╙Ц╒iд▀,
▒√,е╪ед,,
БI,еъечеж,,
╡д,е┐еє,,
╥╥,еке─,,
┴╦,еъечеж,,
╙ш,еш,,
БД,ев,,
╧э,енечеж,,
═д,е╞ед,,
╜щ,елед,,
╦√,е┐,,
╧╔,е╗еє,,
┴ю,еьед,,
╥╘,ед,,
╝■,е▒еє,,
╖е,е╨е─,,
▓о,е╧еп,,
╫Ї,е╡,,
╝╤,ел,,
║ю,е│еж,,
┐б,е╖ехеє,,
╦╫,е╛еп,,
╨┼,е╖еє,,
┘╜,е╧ед,,
┘║,е█еж,,
ВА,е│,,
▒╢,е╨ед,,
ВР,еъеє,,
ВЫ,е▒еє,,
═г,е╞ед,,
В╔,е╞ед,,
┼╝,е░еж,,
В▄,е▒е─,,
В∙,е╡ед,,
╧ё,е╛еж,,
ГW,е▄еп,,
┴┼,еъечеж,,
╔о,е╜еж,,
Гx,ео,,
Г|,екеп,,
╚х,е╕ех,,
┐╦,е│еп,,
╡│,е╚еж,,
╛▀,е░,,
╡ф,е╞еє,,
╚▀,е╕ечеж,,
╫╝,е╕ехеє,,
ДI,е╖еч,,
╨╫,енечеж,,
═╣,е╚е─,,
░╝,екеж,,
┐п,елеє,,
╨╠,е▒ед,,
┴╨,еье─,,
╡╜,е╚еж,,
╓╞,е╗ед,,
╚п,е▒еє,,
Дt,е╜еп,,
╞╩,е▄еж,,
ДВ,е┤еж,,
ДИ,е╢ед,,
╕▒,е╒еп,,
ДП,е╕ечеж,,
ДУ,е╜еж,,
Дб,е▓ен,,
Д║,еэеж,,
█└,емед,,
Д╚,е┴ечеп,,
├у,е┘еє,,
┐▒,елеє,,
Ды,епеє,,
╔╫,е╖еуеп,,
╜│,е╖ечеж,,
╟°,еп,,
╥╜,ед,,
─ф,е╚еп,,
╬ч,е┤,,
╫ф,е╜е─,,
╫┐,е┐еп,,
Еf,енечеж,,
Еg,е┐еє,,
╝┤,е╜еп,,
╚┤,енеуеп,,
╢Є,ефеп,,
└х,еъеє,,
╩х,е╖ехеп,,
╨Ё,е╕еч,,
╛ф,еп,,
┐╔,ел,,
╩╖,е╖,,
║┼,е┤еж,,
╦╛,е╖,,
║є,е│еж,,
└Ї,еъ,,
╥ў,еоеє,,
│╩,е╞ед,,
Е╥,е┤,,
ЖT,едеє,,
╒▄,е╞е─,,
ЖЩ,е▒ед,,
Ж╛,елеє,,
║╚,еле─,,
Ж╦,ене─,,
╦├,е╖,,
╓Ў,е╖ечеп,,
ЗШ,елеп,,
╟Ї,е╖ехеж,,
З№,е▒еє,,
ИR,еве─,,
╛∙,енеє,,
┐╙,е│еж,,
╙Є,еден,,
╠├,е╔еж,,
╢щ,е└,,
ЙB,е╪ед,,
ЙC,еыед,,
╦▄,е╜,,
╦■,е╚еж,,
█╙,е╕ехеп,,
ЙЛ,е─ед,,
ЙЮ,е╒еє,,
Йи,е│еє,,
Й┤,е╕ечеж,,
╩┐,е╖,,
╫│,е╜еж,,
Й╥,еде┴,,
╤ы,екеж,,
╞ц,ен,,
▒╝,е█еє,,
КX,е╖ечеж,,
┼л,е╔,,
х·,е╥,,
╚╤,е╦еє,,
├ю,е▀ечеж,,
═╫,е└,,
╬п,ед,,
╥Ў,едеє,,
═■,ед,,
╔я,е╖еє,,
К╪,е┤,,
╞┼,е╨,,
╗щ,е│еє,,
ЛD,е╒,,
├╜,е╨ед,,
╡╒,е┴еуеп,,
Л▌,е╕ечеж,,
┐╫,е│еж,,
╨в,е│еж,,
╝╛,ен,,
╣┬,е│,,
╒м,е┐еп,,
╙ю,еж,,
═ъ,елеє,,
╣┘,елеє,,
╓ц,е┴ехеж,,
╥╦,ео,,
╨√,е╗еє,,
╘╫,е╡ед,,
║ж,емед,,
╤ч,еиеє,,
╚▌,ешеж,,
├▄,е▀е─,,
МИ,елеє,,
▓ь,е╡е─,,
╣╤,ел,,
МО,е═ед,,
МП,е╖еє,,
╧╙,е▒еє,дндщ,дж
,е▓еє,дддф,
╩╪,е╖ех,д▐дт,ды
,е╣,дтдъ,
╝╥,ел,ддди,
,е▒,дф,
╫Ё,е╜еє,д┐д├д╚,дд
,,д╚джд╚,дд
,,д┐д├д╚,д╓
,,д╚джд╚,д╓
╨б,е╖ечеж,д┴дд,д╡дд
,,д│,
,,дк,
│г,е╕ечеж,д─д═,
,,д╚д│,
╕╔,елеє,д█,д╣
,,д╥,ды
╞╜,е╪ед,д┐дд,дщ
,е╙ечеж,д╥дщ,
╨╥,е│еж,д╡дддя,дд
,,д╡д┴,
,,д╖двдя,д╗
┤▓,е╖ечеж,д╚д│,
,,дцдл,
ПК,енечеж,д─дш,дд
,е┤еж,д─дш,д▐ды
,,д─дш,дсды
,,д╖,ддды
ПО,е└еє,д╥,дп
,,д╧д║,др
,,д┐д▐,
сс,е┤,д╬д┴,
,е│еж,джд╖,дэ
,,двд╚,
,,дкдп,дьды
╡├,е╚еп,ди,ды
,,дж,ды
┼н,е╔,дддл,ды
,,дкд│,ды
╡б,е┐ед,дкд│д┐,ды
,,д╩д▐,д▒ды
Сп,елед,д╒д╚д│дэ,
,,д╩д─,длд╖дд
,,д╩д─,длд╖др
,,д╩д─,дп
,,д╩д─,д▒ды
Сщ,е╗еє,дддп,д╡
,,д┐д┐дл,дж
╩╓,е╖ех,д╞,
,,д┐,
▒з,е█еж,д└,дп
,,ддд└,дп
,,длдл,диды
╡г,е┐еє,длд─,д░
,,д╦д╩,дж
╓╕,е╖,дцд╙,
,,д╡,д╣
▓╢,е█,д╚,дщдиды
,,д╚,дщдядьды
,,д╚,ды
,,д─дл,д▐диды
,,д─дл,д▐ды
▓┘,е╜еж,д▀д╡дк,
,,двдфд─,ды
╢╧,е└еє,д┐,д─
,,д│д╚дя,ды
╨┬,е╖еє,двд┐дщ,д╖дд
,,двдщ,д┐
,,д╦дд,
╚╒,е╦е┴,д╥,
,е╕е─,дл,
╙│,еиед,джд─,ды
,,джд─,д╣
,,д╧,диды
╕№,е│еж,д╡дщ,
,,д╒,д▒ды
,,д╒,длд╣
─╛,е▄еп,дн,
,етеп,д│,
└┤,ещед,дп,ды
,,днд┐,ды
,,днд┐,д╣
▒·,е╪ед,дмдщ,
,,ди,
╚╛,е╗еє,д╜,дсды
,,д╜,д▐ды
,,д╖,д▀ды
,,д╖,д▀
Ц╤,еиед,д╡дл,диды
,,д╧,ди
,,д╧,диды
╒¤,е╗ед,д┐д└,д╖дд
,е╖ечеж,д┐д└,д╣
,,д▐д╡,
╔┘,е╖ечеж,д╣дп,д╩дд
,,д╣д│,д╖
Об,е┐ед,дк,д╙ды
,,дкд╙,
╨╬,е▒ед,длд┐,
,еоечеж,длд┐д┴,
▒╦,е╥,длдь,
,,длд╬,
╓╛,е╖,д│д│дэд╢,д╣
,,д│д│дэд╢д╖,
┴╡,еьеє,д│,дж
,,д│дд,
,,д│дд,д╖дд
Рu,е┴,д╧,д╕ды
,,д╧д╕,
,,д╧,д╕дщдж
,,д╧,д║длд╖дд
╗┌,елед,дп,ддды
,,дп,дфдр
,,дпдф,д╖дд
Сn,ецеж,дждь,диды
,,дждь,дд
,,дж,дд
╬╥,ем,дядь,
,,дя,
╒█,е╗е─,дк,ды
,,дкдъ,
,,дк,дьды
╠╜,е┐еє,д╡д░,ды
,,д╡дм,д╣
╜╠,енечеж,дкд╖,диды
,,дкд╜,дяды
╩¤,е╣еж,длд║,
,е╣,длд╛,диды
├ў,есед,дв,длдъ
,е▀ечеж,двдл,дыдд
,,двдл,дыдр
,,двдл,дщдр
,,двдн,дщдл
,,дв,д▒ды
,,дв,дп
,,дв,дпды
,,дв,длд╣
ЧЭ,е╚еж,дрд═,
,,дрд╩,
┤╬,е╕,д─,д░
,е╖,д─до,
╙√,ешеп,д█д├,д╣ды
,,д█,д╖дд
▒└,е█еж,дпд║,дьды
,,дпд║,д╣
ОЖ,елеє,д▐,дп
,,д▐,дн
Ов,ен,длди,ды
,,длди,д╣
О┌,е│еж,д╥дэ,дд
,,д╥дэ,д▐ды
,,д╥дэ,дсды
,,д╥дэ,дмды
,,д╥дэ,д▓ды
О№,е╧ед,д╣д┐,дьды
,,д╣д┐,ды
╤╙,еиеє,д╬,д╙ды
,,д╬,д┘ды
,,д╬,д╨д╣
╜и,е▒еє,д┐,д╞ды
,е│еє,д┐,д─
╥¤,едеє,д╥,дп
,,д╥,д▒ды
╚ї,е╕еуеп,дшдя,дд
,,дшдя,ды
,,дшдя,д▐ды
,,дшдя,дсды
╡▒,е╚еж,дв,д┐ды
,,дв,д╞ды
П╛,е╕ехеж,д╖д┐дм,дж
,е╖ечеж,д╖д┐дм,диды
,е╕ех,,
╝╔,ен,дд,др
,,дд,д▐дяд╖дд
╚╠,е╦еє,д╖д╬,д╓
,,д╖д╬,д╨д╗ды
╣╓,елед,двдф,д╖дд
,,двдф,д╖др
┐╓,енечеж,дкд╜,дьды
,,дкд╜,дэд╖дд
║▐,е│еє,дждщ,др
,,дждщ,дсд╖дд
РШ,е╬еж,д╩дф,др
,,д╩дф,д▐д╣
▒п,е╥,длд╩,д╖дд
,,длд╩,д╖др
╧з,е╗ен,дк,д╖дд
,,дк,д╖др
│ю,е╖ехеж,дждь,диды
,,дждь,дд
╗┼,е│еж,двдя,д╞ды
,,двдя,д┐д└д╖дд
СT,елеє,д╩,дьды
,,д╩,дщд╣
╬┐,ед,д╩д░д╡,дсды
,,д╩д░д╡,др
╘ў,е╛еж,д╦дп,др
,,д╦дп,дд
,,д╦дп,дщд╖дд
,,д╦дп,д╖д▀
эм,е▒ед,ддд│,дд
,,ддд│,дж
С═,е┴ечеж,д│,дъды
,,д│,дщд╣
,,д│,дщд╖дсды
С╥,е▒еє,дл,д▒ды
,е▒,дл,длды
│╔,е╗ед,д╩,ды
,е╕ечеж,д╩,д╣
С°,еьед,дтд╔,д╣
,,дтд╔,ды
Тi,е╨е─,д╠,дп
,,д╠,д▒ды
,,д╠,длд╣
,,д╠,длды
╤║,екеж,дк,д╣
,,дк,д╡диды
Тд,енеч,дв,д▓ды
,,дв,дмды
╨о,енечеж,д╧д╡,др
,,д╧д╡,д▐ды
╒ё,е╖еє,д╒,ды
,,д╒,дыдж
╩┌,е╕ех,д╡д║,д▒ды
,,д╡д║,длды
УP,ешеж,дв,д▓ды
,,дв,дмды
УQ,елеє,дл,диды
,,дл,дяды
Уe,ешеж,дц,дьды
,,дц,ды
,,дц,дщд░
,,дц,дыд░
,,дц,д╣ды
,,дц,д╡д╓ды
,,дц,д╣д╓ды
Уp,е╜еє,д╜д│,д╩дж
,,д╜д│,д═ды
╨п,е▒ед,д┐д║д╡,диды
,,д┐д║д╡,дяды
▓┴,е╡е─,д╣,ды
,,д╣,дьды
╕─,елед,двдщд┐,дсды
,,двдщд┐,д▐ды
╖┼,е█еж,д╧д╩,д╣
,,д╧д╩,д─
,,д╧д╩,дьды
╔в,е╡еє,д┴,ды
,,д┴,дщд╣
,,д┴,дщдлд╣
,,д┴,дщдлды
╒√,е╗ед,д╚д╚д╬,диды
,,д╚д╚д╬,дж
╘ч,е╜еж,д╧дф,дд
,е╡е├,д╧дф,д▐ды
,,д╧дф,дсды
╟ч,е╗ед,д╧,дьды
,,д╧,дщд╣
┼п,е└еє,двд┐д┐,дл
,,двд┐д┐,длдд
,,двд┐д┐,д▐ды
,,двд┐д┐,дсды
─║,е▄,дп,дьды
,,дп,дщд╣
▒й,е▄еж,двд╨,дп
,е╨еп,двд╨,дьды
╟·,енечеп,д▐,дмды
,,д▐,д▓ды
╠ц,е┐ед,дл,диды
,,дл,дяды
╣√,ел,д╧,д┐д╣
,,д╧,д╞ды
,,д╧,д╞
┐▌,е│,дл,дьды
,,дл,дщд╣
╝▄,ел,дл,д▒ды
,,дл,длды
╚с,е╕ехеж,дфдя,дщдл
,е╦ехеж,дфдя,дщдлдд
╓▓,е╖ечеп,дж,диды
,,дж,дяды
Мз,е╔еж,д▀д┴д╙,дп
─с,е╦,двд▐,
╬▓,е╙,дк,
╛╙,енеч,дд,ды
╬▌,екеп,дф,
┬─,еъ,д╧,дп
╔╜,е╡еє,дфд▐,
╤╥,емеє,дддя,
╘└,емеп,д┐д▒,
░╢,емеє,днд╖,
╖х,е█еж,д▀д═,
Нu,е╚еж,д╖д▐,
┤и,е╗еє,длдя,
╓▌,е╖ехеж,д╣,
╤▓,е╕ехеє,дсд░,ды
Оz,е╜еж,д╣,
╫є,е╡,д╥д└дъ,
╟╔,е│еж,д┐дп,д▀
▓ю,е╡,д╡,д╣
╝║,е│,дкд╬дь,
,ен,,
╩╨,е╖,ддд┴,
▓╝,е╒,д╠д╬,
╖л,е╧еє,д█,
╖∙,е╒еп,д╧д╨,
─ъ,е═еє,д╚д╖,
О╓,елеє,д▀дн,
╗├,е▓еє,д▐д▄дэд╖,
╙╫,ешеж,дкд╡д╩,дд
О╫,ен,дддп,
╡╫,е╞ед,д╜д│,
╡ъ,е╞еє,д▀д╗,
╢╚,е╔,д┐д╙,
,е╚,,
,е┐еп,,
╫∙,е╢,д╣дя,ды
═е,е╞ед,д╦дя,
╣н,енехеж,дцд▀,
Пt,е┴ечеж,д╚дрдщ,дж
╡▄,е╞ед,дкд╚джд╚,
,е└ед,,
,е╟,,
╧╥,е▓еє,д─ды,
ПИ,е┴ечеж,д╧,ды
▓╩,е╡ед,дддэд╔,ды
Пм,е┴ечеж,д█,ды
╙░,еиед,длд▓,
┤¤,е┐ед,д▐,д─
╙∙,еоеч,дкдє,
,е┤,,
╨─,е╖еє,д│д│дэ,
▒╪,е╥е─,длд╩дщ,д║
═№,е▄еж,дяд╣,дьды
├ж,е▄еж,ддд╜дм,д╖дд
┐ь,елед,д│д│дэдш,дд
▓└,е╒,д│дя,дд
╦╝,е╖,дкдт,дж
╝▒,енехеж,ддд╜,д░
╣з,енечеж,дждфдждф,д╖дд
╧в,е╜еп,дддн,
Р{,е▒ед,дсд░,др
,еи,,
╬Є,е┤,д╡д╚,ды
╗╝,елеє,дяд║дщ,дж
РЩ,евеп,дяды,дд
,ек,,
╡┐,е╚еж,ддд┐,др
╟щ,е╕ечеж,д╩д╡,д▒
,е╗ед,,
╗є,еяеп,д▐д╔,дж
▓╥,е╡еє,д▀д╕,дс
,е╢еє,,
╙▐,е░,дкдэ,дл
┤╚,е╕,ддд─дп,д╖др
╔ў,е╖еє,д─д─д╖,др
─╜,е▄,д╖д┐,дж
СН,е╒еє,ддднд╔дк,ды
Сй,е│еє,д═дєд┤,дэ
╜ф,елед,ддд▐д╖,дсды
Ся,ео,д┐дядр,дьды
Сї,е│,д╚,
╖┐,е▄еж,д╒д╡,
╦∙,е╖еч,д╚д│дэ,
╔╚,е╗еє,дкдждо,
ьщ,е╥,д╚д╙дщ,
┤Є,е└,дж,д─
ТB,е╒е─,д╧дщ,дж
│╨,е╖ечеж,джд▒д┐д▐дя,ды
╝╝,ео,дяд╢,
╥╓,ешеп,дкд╡,диды
═╢,е╚еж,д╩,д▓ды
╛▄,енеч,д│д╨,др
╒╨,е╖ечеж,д▐д═,дп
ТЕ,е╧ед,дкдм,др
╩░,е╖ехеж,д╥дэ,дж
,е╕ехеж,,
│╓,е╕,дт,д─
╠Ї,е┴ечеж,ддд╔,др
Т╖,е╜еж,д╡,д╣
Т╚,е╜еж,д╡дм,д╣
Т╬,е╖еу,д╣,д╞ды
Т▀,е╜еж,д╧,дп
╛Є,епе─,д█,ды
Тё,е╡ед,д╚,ды
╜╙,е╗е─,д─,д░
┐╪,е│еж,д╥дл,диды
═╞,е╣ед,дк,д╣
Тў,е▒ед,длдл,д▓ды
├ш,е╙ечеж,дидм,дп
╠с,е╞ед,д╡,д▓ды
╬╒,евеп,д╦до,ды
УТ,е╡еп,д╖д▄,ды
╒к,е╞ен,д─,др
У─,е▓ен,дж,д─
┤щ,е╡е─,д╚,ды
╓з,е╖,д╡д╡,диды
╣е,е│еж,д╗,дсды
╒■,е╗ед,д▐д─дъд┤д╚,
,е╖ечеж,,
╣╩,е│,дцди,
╛╚,енехеж,д╣дп,дж
Фб,е╧ед,дфд╓,дьды
╛┤,е▒ед,дждфд▐,дж
Ф│,е╞ен,длд┐дн,
╖є,е╒,д╖,дп
╬─,е╓еє,д╒д▀,
,етеє,,
╨▒,е╖еу,д╩д╩,дс
╖╜,е█еж,длд┐,
╩й,е╖,д█д╔д│,д╣
,е╗,,
┬├,еъеч,д┐д╙,
╞ь,ен,д╧д┐,
╝╚,ен,д╣д╟,д╦
╓╝,е╖,дрд═,
ХN,е╖ечеж,д╬д▄,ды
╥╫,еиен,дфд╡,д╖дд
,ед,,
╬Ї,е╗ен,дрдлд╖,
,е╖еуеп,,
╨╟,е╗ед,д█д╖,
,е╖ечеж,,
┤║,е╖ехеє,д╧ды,
╓ч,е┴ехеж,д╥ды,
Хr,е╕,д╚дн,
ХЪ,еоечеж,двдлд─дн,
╧╛,ел,д╥д▐,
╩ю,е╖еч,двд─,дд
░╡,евеє,дпдщ,дд
Х╖,еьен,д│дшд▀,
Х╥,е╔еє,дпдт,ды
Х°,е╖еч,дл,дп
╫ю,е╡ед,дтд├д╚,дт
╘┬,е▓е─,д─дн,
,еме─,,
╙╨,ецеж,дв,ды
,еж,,
└╩,еэеж,д█дм,дщдл
═√,е▄еж,д╬д╛,др
,етеж,,
│п,е┴ечеж,двд╡,
─й,е▐е─,д╣ди,
,е╨е─,,
▒╛,е█еє,дтд╚,
╘¤,е╡е─,д╒д└,
╗·,ен,д─дпди,
╨р,енехеж,дп,д┴ды
┤х,е╜еє,дрдщ,
╩°,е╜еп,д┐д╨,
▒н,е╧ед,д╡длд║дн,
Ц|,е╚еж,д╥дмд╖,
╦╔,е╖ечеж,д▐д─,
░х,е╧еє,ддд┐,
,е╨еє,,
┴╓,еъеє,д╧дфд╖,
╓ж,е╖,дид└,
╓∙,е┴ехеж,д╧д╖дщ,
┴°,еъехеж,дфд╩до,
╕∙,е│еє,д═,
╠╥,е╚еж,дтдт,
╔г,е╜еж,дпдя,
Ч@,екеж,д╡дпдщ,
├╖,е╨ед,дждс,
╔н,е╖еє,дтдъ,
ШI,еоечеж,дяд╢,
,е┤еж,,
ШФ,ешеж,д╡д▐,
║с,екеж,дшд│,
ШЄ,енечеж,д╧д╖,
ЩC,ен,д╧д┐,
╞█,ео,двд╢др,дп
Ъn,е╖,д╧,
╦└,е╖,д╖,д╠
╩т,е╖ех,д│д╚,
┼╣,екеж,д╩д░,ды
Ъв,е╡е─,д│дэ,д╣
,е╡ед,,
,е╗е─,,
Ъг,елеп,длдщ,
─╕,е▄,д╧д╧,
▒╚,е╥,дпдщ,д┘ды
├л,етеж,д▒,
╩╧,е╖,джд╕,
├ё,е▀еє,д┐д▀,
╦о,е╣ед,д▀д║,
╙└,еиед,д╩дм,дд
╓н,е╕ехеж,д╖ды,
Ть,,дл,д▒ды
,,дл,длды
,,длдлдъ,
▄е,,д█дъ,
ЙV,,д─дл,
Кк,,д╥дс,
─я,,дрд╣дс,
с╡,,д▀д╡дн,
Нg,,д╚джд▓,
╞щ,,д╡дн,
ТQ,,двд─дл,дж
╖╗,е▄еж,,
,е▄е├,,
Йп,е└еє,,
,е┐еє,,
╚ч,е╕еч,,
,е╦еч,,
═¤,етеж,,
,е▄еж,,
╨╒,е╗ед,,
,е╖ечеж,,
┤ц,е╜еє,,
,е╛еє,,
╫┌,е╖ехеж,,
,е╜еж,,
┐═,енеуеп,,
,елеп,,
МЭ,е┐ед,,
,е─ед,,
╖т,е╒еж,,
,е█еж,,
╣д,е│еж,,
,еп,,
─╗,е▐еп,,
,е╨еп,,
Оь,е│,,
,еп,,
╥█,ефеп,,
,еиен,,
┬╔,еъе─,,
,еъе┴,,
╨╘,е╗ед,,
,е╖ечеж,,
╧ы,е╜еж,,
,е╜,,
┼─,е╧еп,,
,е╥ечеж,,
Эh╫╓,╥Ї╒iд▀,╙Ц╒iд▀,
х╝,еъечеж,,
┤ч,е╣еє,,
╜л,е╖ечеж,,
╬╛,ед,,
╔╨,е╖ечеж,,
│▀,е╖еуеп,,
─Є,е╦ечеж,,
╛╓,енечеп,,
╟№,епе─,,
╒╣,е╞еє,,
╩Ї,е╛еп,,
М╙,е╜еж,,
══,е╚еє,,
ск,ен,,
╧┐,енечеж,,
│ч,е╣еж,,
╛▐,енеч,,
╧г,ен,,
╡█,е╞ед,,
ОЫ,е╣ед,,
ОЯ,е╖,,
╧п,е╗ен,,
Од,е┴ечеж,,
├▒,е▄еж,,
О┼,е╪ед,,
╙─,ецеж,,
О╪,е┴ечеж,,
╨Є,е╕еч,,
╕о,е╒,,
╩№,е╖еч,,
┐╡,е│еж,,
╙╣,ешеж,,
┴о,еьеє,,
└╚,еэеж,,
═в,е╞ед,,
█═,е┘еє,,
▒╫,е╪ед,,
╩╜,е╖ен,,
Пr,е╦,,
╗б,е│,,
╒├,е╖ечеж,,
═∙,екеж,,
╒ў,е╗ед,,
╛╢,е▒ед,,
╨ь,е╕еч,,
═╜,е╚,,
П═,е╒еп,,
╤н,е╕ехеє,,
╬в,е╙,,
П╘,е╚еп,,
П╒,е┴ечеж,,
П╪,е╞е─,,
Пъ,екеж,,
╓╥,е┴ехеж,,
─ю,е═еє,,
║у,е│еж,,
╢ў,екеє,,
╙╞,ецеж,,
╘├,еие─,,
╢ш,е└,,
╙ф,ец,,
╥т,ед,,
Р█,евед,,
╕╨,елеє,,
СB,е┐ед,,
┬¤,е▐еє,,
┐о,емед,,
С],еъеч,,
Сc,е▒ед,,
СЧ,е▒еє,,
СЫ,екеп,,
║╢,елеє,,
▓┼,е╡ед,,
╖Ў,е╒,,
┼·,е╥,,
│н,е╖ечеж,,
░╤,е╧,,
┐╣,е│еж,,
Тk,е┐еп,,
┼√,е╥,,
╡╓,е╞ед,,
─и,е▐е─,,
│щ,е┴ехеж,,
╣╒,елед,,
═╪,е┐еп,,
╛╨,е│еж,,
╫╛,е╗е─,,
ТЗ,енеч,,
ТИ,елеп,,
└и,еле─,,
┐╜,е┤еж,,
╒╞,е╖ечеж,,
┼┼,е╧ед,,
┤ы,е╜,,
У],ен,,
╘о,еиеє,,
░с,е╧еє,,
┤ю,е╚еж,,
УФ,е╗е─,,
─ж,е▐,,
│╖,е╞е─,,
Уф,е▄еп,,
Уэ,ешеж,,
ФM,ео,,
├Ї,е╙еє,,
╕╥,елеє,,
Ф┼,е╗ед,,
Ф╚,е╡ед,,
╢╖,е╚,,
┴╧,еъечеж,,
╜я,енеє,,
│т,е╗ен,,
╨¤,е╗еє,,
╫х,е╛еп,,
╛╔,енехеж,,
╤о,е╕ехеє,,
└е,е│еє,,
╫Є,е╡еп,,
╒╤,е╖ечеж,,
╩╟,е╝,,
ХК,е╨еє,,
╞╒,е╒,,
╛░,е▒ед,,
╛з,е╖ечеж,,
Х║,е╢еє,,
ъ╫,ешеж,,
▓▄,е╜еж,,
╖■,е╒еп,,
ы▐,е┴еє,,
╬┤,е▀,,
╓ь,е╖ех,,
╞╙,е▄еп,,
▓─,е╢ед,,
╠ї,е╕ечеж,,
╬Ў,е╗ен,,
├╢,е▐ед,,
╩р,е╣еж,,
─│,е▄еж,,
Ц╦,е╡,,
╦и,е╗еє,,
╨г,е│еж,,
║╦,елеп,,
╘╘,е╡ед,,
░╕,евеє,,
ЧC,е╡еє,,
╨╡,елед,,
ЧЙ,ен,,
╞х,ен,,
░Ї,е▄еж,,
╣╫,елеє,,
Ч╩,е▒еє,,
┬е,еэеж,,
╕┼,емед,,
▓█,е╜еж,,
Ш╦,е╥ечеж,,
Шф,е╕ех,,
Щ┌,ещеє,,
┼╖,екеж,,
┐ю,елеє,,
ЪZ,елеє,,
Ъs,еьен,,
╤│,е╕ехеє,,
╢╬,е└еє,,
Ъ░,е▐ед,,
╢╛,е╔еп,,
╞√,ен,,
╡ю,е╟еє,д╚д╬,
,е╞еє,д╔д╬,
Ъъ,е╥ечеж,д│дкдъ,
,,д╥,
ЫA,ек,д▒дм,д╣
,,д▒дм,дьды
,,д▒дм,дщдяд╖дд
,,дшд┤,д╣
,,дшд┤,дьды
,,днд┐д╩,дд
╓╬,е╕,дкд╡,дсды
,е┴,дкд╡,д▐ды
,,д╩дк,ды
,,д╩дк,д╣
╧√,е╖ечеж,дн,диды
,,д▒,д╣
╗м,еле─,д╣д┘,ды
,,д╩дс,дщдл
╟▒,е╗еє,д╥д╜,др
,,дтд░,ды
╗Ё,ел,д╥,
,,д█,
╜╣,е╖ечеж,д│,д▓ды
,,д│,дмд╣
,,д│,дмдьды
,,двд╗,ды
╔·,е╗ед,дд,днды
,е╖ечеж,дд,длд╣
,,дд,д▒ды
,,дж,д▐дьды
,,дж,др
,,дк,дж
,,д╧,диды
,,д╧,дфд╣
,,дн,
,,д╩д▐,
╩в,е╗ед,дт,ды
,е╕ечеж,д╡дл,ды
,,д╡дл,дє
─┐,етеп,дс,
,е▄еп,д▐,
╓▒,е┴ечеп,д┐д└,д┴д╦
,е╕ен,д╩дк,д╣
,,д╩дк,ды
╩б,е╗ед,длдидъ,д▀ды
,е╖ечеж,д╧д╓,дп
╫┼,е┴еуеп,дн,ды
,е╕еуеп,дн,д╗ды
,,д─,дп
,,д─,д▒ды
╔ё,е╖еє,длд▀,
,е╕еє,длдє,
,,д│дж,
┐╒,епеж,д╜дщ,
,,дв,дп
,,дв,д▒ды
,,длдщ,
╕В,енечеж,днд╜,дж
,е▒ед,д╗,ды
╨ж,е╖ечеж,дядщ,дж
,,ди,др
╝t,е│еж,д┘д╦,
,еп,дпдьд╩дд,
╝Ъ,е╡ед,д█д╜,дд
,,д█д╜,ды
,,д│д▐,дл
,,д│д▐,длдд
╜Y,е▒е─,дрд╣,д╓
,,дц,дж
,,дц,дядиды
└╧,еэеж,дк,ддды
,,д╒,д▒ды
▒│,е╧ед,д╗,
,,д╗дд,
,,д╜др,дп
,,д╜др,д▒ды
╚Ї,е╕еуеп,дядл,дд
,е╦еуеп,дт,д╖дпд╧
┐р,еп,дпды,д╖дд
,,дпды,д╖др
,,дпды,д╖дсды
,,д╦дм,дд
,,д╦дм,ды
╓°,е┴еч,двдщдя,д╣
,,ддд┴д╕ды,д╖дд
╨╨,е│еж,дд,дп
,еоечеж,дц,дп
,евеє,дкд│д╩,дж
▒э,е╥ечеж,дкдтд╞,
,,двдщдя,д╣
,,двдщдя,дьды
▓├,е╡ед,д┐,д─
,,д╡д╨,дп
Ъi,е█,двды,дп
,е╓,двдц,др
,е╒,,
╡╬,е╞ен,д╖д║дп,
,,д╖д┐д┐,ды
ЭЩ,е╕ехеє,дждыдк,дж
,,дждыдк,д╣
,,джды,др
ЯЯ,еиеє,д▒др,ды
,,д▒дрдъ,
,,д▒др,дд
╧┴,енечеж,д╗д▐,дд
,,д╗д╨,дсды
,,д╗д╨,д▐ды
оb,е╡еє,дж,др
,,дж,д▐дьды
,,джд╓,
оТ,е╕ечеж,д┐д┐,др
,,д┐д┐д▀,
▓б,е╙ечеж,дф,др
,е╪ед,дфд▐дд,
░╫,е╧еп,д╖дэ,
,е╙еуеп,д╖дщ,
,,д╖дэ,дд
╖R,е╚еж,ддд═,
,,ддд╩,
╢╦,е┐еє,д╧д╖,
,,д╧,
,,д╧д┐,
╖█,е╒еє,д│,
,,д│д╩,
╜M,е╜,дп,др
,,дпд▀,
╜g,е│еж,д╖д▄,ды
,,д╖,дсды
,,д╖,д▐ды
╚║,е░еє,др,дьды
,,др,дь
,,дрдщ,
╙Ё,еж,д╧,
,,д╧д═,
╖╩,е╥,д│,диды
,,д│ди,
,,д│,дфд╣
,,д│,дфд╖
╨╪,енечеж,дрд═,
,,дрд╩,
ШO,енечеп,дндя,дсды
,е┤еп,дндя,д▐ды
,,дндя,д▀
ШS,емеп,д┐д╬,д╖дд
,ещеп,д┐д╬,д╖др
ШЛ,е│еж,длд▐,диды
,,длд▐,дж
╟╖,е▒е─,дл,д▒ды
,,дл,дп
╕ш,ел,джд┐,
,,джд┐,дж
╓╣,е╖,д╚,д▐ды
,,д╚,дсды
▓╨,е╢еє,д╬д│,ды
,,д╬д│,д╣
╓│,е╖ечеп,д╒,диды
,,д╒,дфд╣
ЫQ,е▒е─,дн,дсды
,,дн,д▐ды
╔Є,е┴еє,д╖д║,др
,,д╖д║,дсды
╖╨,е╒е─,дя,дп
,,дя,длд╣
▓┤,е╧еп,д╚,д▐ды
,,д╚,дсды
┴ў,еъехеж,д╩дм,дьды
,еы,д╩дм,д╣
╕б,е╒,дж,дп
,,дж,длдьды
,,дж,длд╓
,,дж,длд┘ды
╘б,ешеп,дв,д╙ды
,,дв,д╙д╗ды
╜■,е╖еє,д╥д┐,д╣
,,д╥д┐,ды
ЫЎ,еъечеж,д╣д║,д╖дд
,,д╣д║,др
╔ю,е╖еє,д╒дл,дд
,,д╒дл,д▐ды
,,д╒дл,дсды
╗ь,е│еє,д▐,д╕ды
,,д▐,д╢ды
,,д▐,д╝ды
╠э,е╞еє,д╜,диды
,,д╜,дж
╟х,е╗ед,дндш,дд
,е╖ечеж,дндш,д▐ды
,,дндш,дсды
Ьg,е╡ед,д╣,др
,,д╣,д▐д╣
Ьi,е╕ехеж,д╖д╓,
,,д╖д╓,дд
,,д╖д╓,ды
Ьp,е▓еє,д╪,ды
,,д╪,дщд╣
╢╔,е╚,дяд┐,ды
,,дяд┐,д╣
╬┬,екеє,двд┐д┐,дл
,,двд┐д┐,длдд
,,двд┐д┐,д▐ды
,,двд┐д┐,дсды
╩к,е╖е─,д╖дс,ды
,,д╖дс,д╣
Ь║,е▐еє,д▀,д┴ды
,,д▀,д┐д╣
╚▄,ешеж,д╚,д▒ды
,,д╚,длд╣
,,д╚,дп
Ьч,есе─,д█дэ,д╙ды
,,д█дэ,д▄д╣
┬й,еэеж,дт,ды
,,дт,дьды
,,дт,дщд╣
│╬,е┴ечеж,д╣,др
,,д╣,д▐д╣
Эс,е└еп,д╦д┤,ды
,,д╦д┤,д╣
ЯЖ,е╖ечеж,дф,дп
,,дф,д▒ды
╒╒,е╖ечеж,д╞,ды
,,д╞,дщд╣
,,д╞,дьды
Яй,е╧еє,дяд║дщ,дж
,е▄еє,дяд║дщ,дяд╣
╓є,е╖еу,д╦,ды
,,д╦,диды
,,д╦,дфд╣
╚╝,е═еє,дт,диды
,,дт,дфд╣
,,дт,д╣
┐ё,енечеж,дпды,дж
,,дпды,дкд╖дд
сў,е╖ех,дл,ды
,,дл,дъ
мF,е▓еє,двдщдя,дьды
,,двдщдя,д╣
╕╩,елеє,двд▐,дд
,,двд▐,диды
,,двд▐,дфдлд╣
╔ї,е╕еє,д╧д╩д╧,д└
,,д╧д╩д╧,д└д╖дд
┴Ї,еъехеж,д╚,дсды
,еы,д╚,д▐ды
пE,е╜,джд╚,дд
,,джд╚,др
╞г,е╥,д─дл,дьды
,,д─дл,дщд╣
═┤,е─еж,ддд┐,дд
,,ддд┐,др
,,ддд┐,дсды
├▀,е▀еє,д═др,ды
,,д═др,дд
│Z,е╡ед,дпд└,дп
,,дпд└,д▒ды
╞╞,е╧,дфд╓,ды
,,дфд╓,дьды
┤_,елеп,д┐д╖,дл
,,д┐д╖,длдсды
╝└,е╡ед,д▐д─,ды
,,д▐д─,дъ
╥╞,ед,джд─,ды
,,джд─,д╣
╖e,е╗ен,д─,др
,,д─,дтды
╕F,енехеж,дндя,дсды
,,дндя,д▐ды
┴в,еъе─,д┐,д─
,еъехеж,д┐,д╞ды
┤Ё,е╚еж,д│д┐,диды
,,д│д┐,ди
╝{,е╬еж,дкд╡,дсды
,е╩е├,дкд╡,д▐ды
,е╩,,
,е╩еє,,
,е╚еж,,
╝К,е╒еє,д▐до,дьды
,,д▐до,дщд╣
,,д▐до,дщдяд╣
,,д▐до,дщдяд╖дд
╜K,е╖ехеж,дк,дяды
,,дк,диды
╟є,енехеж,дтд╚,дсды
║╣,елеє,двд╗,
╜н,е│еж,ди,
│╪,е┴,ддд▒,
Ы_,е┴ехеж,дкдн,
Ыg,е┐еп,д╡дя,
║╙,ел,длдя,
╙═,ец,двд╓дщ,
╒╙,е╖ечеж,д╠д▐,
╤╪,еиеє,д╜,дж
╚к,е╗еє,ддд║д▀,
┼▌,е█еж,двдя,
▓и,е╧,д╩д▀,
╞№,енехеж,д╩,дп
─р,е╟ед,д╔дэ,
╫в,е┴ехеж,д╜д╜,д░
╙╛,еиед,дкдш,д░
╧┤,е╗еє,двдщ,дж
╢┤,е╔еж,д█дщ,
╜Є,е╖еє,д─,
╟│,е╗еє,двд╡,дд
ф║,е╥еє,д╧д▐,
╞╓,е█,дждщ,
║г,елед,джд▀,
Ыц,еыед,д╩д▀д└,
╡н,е┐еє,двдя,дд
Ьf,еле─,длдя,дп
Ьu,ел,джд║,
Ьy,е╜еп,д╧дл,ды
╕█,е│еж,д▀д╩д╚,
║■,е│,д▀д║джд▀,
Ьл,е╚еж,дц,
╘┤,е▓еє,д▀д╩дтд╚,
Ь╧,е│еж,д▀д╛,
╓═,е┐ед,д╚д╔д│дк,ды
╞п,е╥ечеж,д┐д└дш,дж
╞с,е╖е─,дждыд╖,
ЭН,е▒е─,ддд╡додш,дд
│▒,е┴ечеж,д╖дк,
╝д,е▓ен,д╧д▓,д╖дд
Эт,е╬еж,д│,дд
╡╞,е╚еж,д╥,
╗╥,елед,д╧дд,
Ю─,е╡ед,дяд╢дя,дд
┤╢,е╣ед,д┐,дп
╤╫,еиеє,д█д╬дк,
╠┐,е┐еє,д╣д▀,
Яo,ер,д╩,дд
,е╓,,
╩ь,е╕ехеп,дж,дьды
Яс,е═е─,двд─,дд
╕╕,е╒,д┴д┴,
╞м,е╪еє,длд┐,
┼г,еоехеж,джд╖,
─┴,е▄еп,д▐дн,
╬я,е╓е─,дтд╬,
,ете─,,
╚о,е▒еє,ддд╠,
╖╕,е╧еє,дкдл,д╣
╢└,е╔еп,д╥д╚,дъ
├и,е╙ечеж,д═д│,
╘│,еиеє,д╡ды,
кХ,е╕ехеж,д▒дтд╬,
л@,елеп,ди,ды
┬╩,е╜е─,д╥дн,ддды
,еъе─,,
╙ё,еоечеп,д┐д▐,
╒ф,е┴еє,дсд║дщ,д╖дд
╟Є,енехеж,д┐д▐,
╟┘,енеє,д│д╚,
╙├,ешеж,дтд┴,ддды
╠я,е╟еє,д┐,
╙╔,ец,дшд╖,
,ецеж,,
,ецед,,
╔ъ,е╖еє,дтдж,д╣
─╨,е└еє,дкд╚д│,
,е╩еє,,
юо,е┴ечеж,д▐д┴,
оР,ед,д│д╚,
╥╔,ео,джд┐дм,дж
ё▒,е╪ен,дпд╗,
╡╟,е╚еж,д╬д▄,ды
,е╚,,
╡─,е╞ен,д▐д╚,
╜╘,елед,д▀д╩,
╞д,е╥,длдя,
╥ц,еиен,дфдп,
╡┴,е╚еж,д╠д╣,др
╧р,е╜еж,двдд,
,е╖ечеж,,
╢▄,е╕ехеє,д┐д╞,
╒ц,е╖еє,д▐,
╠ў,е┴ечеж,д╩дм,дсды
╤█,емеє,д▐д╩д│,
,е▓еє,,
╦▓,е╖ехеє,д▐д┐д┐,дп
├м,ер,д█д│,
╩╕,е╖,дф,
╓к,е┴,д╖,ды
╢╠,е┐еє,д▀д╕дл,дд
│C,енечеж,д┐,дсды
╩п,е╗ен,ддд╖,
,е╖еуеп,,
,е│еп,,
╔░,е╡,д╣д╩,
,е╖еу,,
╤╨,е▒еє,д╚,д░
╙▓,е│еж,длд┐,дд
─е,е▐,д▀дм,дп
╡A,е╜,ддд╖д║ди,
╩╛,е╕,д╖дс,д╣
,е╖,,
╔ч,е╖еу,дфд╖дэ,
╞э,ен,ддд╬,ды
╫г,е╖ехеп,дддя,дж
,е╖ехеж,,
╨у,е╖ехеж,д╥дд,д╟ды
╦╜,е╖,дяд┐дпд╖,
╟я,е╖ехеж,двдн,
├╪,е╥,д╥,дсды
│╠,е╞ед,д█д╔,
╖N,е╖ех,д┐д═,
╝┌,ел,длд╗,д░
╖[,е╣ед,д█,
╖g,екеє,дкд└,дфдл
╤и,е▒е─,двд╩,
╛┐,енехеж,дндя,дсды
═╗,е╚е─,д─,дп
╖Щ,е╜еж,д▐д╔,
╕G,ешеж,длд▐,
═п,е╔еж,дядщд┘,
╓ё,е┴еп,д┐д▒,
╡╤,е╞ен,д╒ди,
╣P,е╥е─,д╒д╟,
╡╚,е╚еж,д╥д╚,д╖дд
╜ю,енеє,д╣д╕,
═▓,е╚еж,д─д─,
╣▄,елеє,дпд└,
╣Э,е╗е─,д╒д╖,
,е╗е┴,,
║B,е┴еп,днд║,дп
├╫,е┘ед,д│дс,
,е▐ед,,
┴г,еъехеж,д─д╓,
┤╓,е╜,двдщ,дд
╒│,е═еє,д═д╨,ды
╝Z,еъечеж,длд╞,
,еэеж,,
Їщ,е╖,ддд╚,
╝И,е╖,длд▀,
╝П,е▄еж,д─др,д░
╫╧,е╖,дрдщд╡дн,
╜U,е▒ед,д╪,ды
,енечеж,,
╜y,е╚еж,д╣,д┘ды
╜Б,е▒еє,днд╠,
╛@,е▒ед,д─,д░
╛V,е│еж,д─д╩,
╛W,етеж,двд▀,
╛d,есеє,дяд┐,
╛v,еъечеп,д▀д╔дъ,
,еэеп,,
╛w,е╖еч,дк,
,е┴еч,,
╛О,е╪еє,дв,др
╛Ъ,еьеє,д═,ды
┐F,еиеє,д╒д┴,
┐I,е╕ечеж,д╩дя,
┐`,е╨еп,д╖д╨,ды
┐k,е╕ехеж,д┐д╞,
┐p,е█еж,д╠,дж
┐Ч,е╖ечеп,дк,ды
,е╖ен,,
┐Ш,е╝еє,д─дпдэ,дж
└O,е▒еє,д▐дц,
╫я,е╢ед,д─д▀,
╓├,е┴,дк,дп
╤Є,ешеж,д╥д─д╕,
├└,е╙,джд─дп,д╖дд
┴Х,е╖ехеж,д╩дщ,дж
╥э,ешеп,д─д╨д╡,
┐╝,е│еж,длдєдм,диды
╒▀,е╖еу,дтд╬,
─═,е┐ед,д┐,диды
╕√,е│еж,д┐дмдф,д╣
╢·,е╕,д▀д▀,
┬Ч,е┴ечеж,дн,дп
╕╬,елеє,дндт,
╝ч,е▒еє,длд┐,
╓м,е╖,двд╓дщ,
╜┼,енеуеп,двд╖,
,енеу,,
═є,еяеє,джд╟,
╤№,ешеж,д│д╖,
╕╣,е╒еп,д╧дщ,
┼R,еъеє,д╬д╛,др
╫╘,е╕,д▀д║дл,дщ
,е╖,,
│Ї,е╖ехеж,дпд╡,дд
╓┴,е╖,ддд┐,ды
╓┬,е┴,ддд┐,д╣
╔р,е╝е─,д╖д┐,
┴╝,еъечеж,дш,дд
╔л,е╖ечеп,дддэ,
,е╖ен,,
Эn,,д─,д▒ды
,,д─,длды
оx,,д╧д┐,
,,д╧д┐д▒,
╔╝,,д╣до,
ЦШ,,дядп,
╓ъ,,длд╓,
┼я,,д┐д╩,
ЬЎ,,д┐дн,
ЭХ,,длд┐,
ЮБ,,д╗,
├є,,д╡дщ,
╞┌,ен,,
,е┤,,
╕ё,елеп,,
,е│еж,,
─г,ет,,
,е▄,,
Ш╪,е▒еє,,
,е┤еє,,
╬ф,е╓,,
,ер,,
Ъr,е╡ед,,
,е╗ед,,
Ъ▌,ен,,
,е▒,,
├┌,е╥е─,,
,е╥,,
╖и,е█еж,,
,е╧е├,,
,е█е├,,
ЭO,еоеч,,
,еъечеж,,
╚╗,е╝еє,,
,е═еє,,
╧╫,е▒еє,,
,е│еє,,
╝╫,е│еж,,
,елеє,,
╗н,ем,,
,елеп,,
╥▀,еиен,,
,ефеп,,
░k,е╧е─,,
,е█е─,,
╗╩,е│еж,,
,екеж,,
└ё,еьед,,
,ещед,,
Эh╫╓,╥Ї╒iд▀,╙Ц╒iд▀,
├╗,е▄е─,,
Ыr,енечеж,,
╠й,е┐ед,,
╤є,ешеж,,
║щ,е│еж,,
╗ю,еле─,,
┼╔,е╧,,
Ы╖,е╕ечеж,,
└╦,еэеж,,
╤─,емед,,
╥║,еиен,,
╩ч,е╖ехеп,,
Ьh,е╖ечеж,,
Ьl,е▒ед,,
═х,еяеє,,
Ь╩,е╕ехеє,,
╫╠,е╕,,
╤▌,еиеє,,
─о,е╨еп,,
Эh,елеє,,
┬■,е▐еє,,
Эu,е╝еє,,
ЮE,ещеє,,
хк,е┐еп,,
┬п,еэ,,
╡у,е╞еє,,
Ющ,ед,,
┴╥,еье─,,
╘я,е╜еж,,
▒м,е╨еп,,
╛Ї,е╖еуеп,,
░ц,е╧еє,,
╔№,е╗ед,,
╠╪,е╚еп,,
а╫,ео,,
╫┤,е╕ечеж,,
├═,етеж,,
кd,еъечеж,,
кq,ецеж,,
кz,е┤еп,,
╨■,е▓еє,,
═ї,екеж,,
╓щ,е╖ех,,
░р,е╧еє,,
└э,еъ,,
нh,елеє,,
нt,е╕,,
╞┐,е╙еє,,
╜ч,елед,,
┼╧,е╧еє,,
╨є,е┴еп,,
┬╘,еъеуеп,,
╖м,е╨еє,,
╝▓,е╖е─,,
╓в,е╖ечеж,,
╢╗,е╚еж,,
┴б,еъ,,
│╒,е┴,,
пЯ,еъечеж,,
░K,ец,,
░┘,е╥еуеп,,
┼ш,е▄еє,,
├╦,есед,,
▒O,елеє,,
▒P,е╨еє,,
├д,етеж,,
┐┤,елеє,,
▒h,е▒еє,,
╦п,е╣ед,,
╢╜,е╚еп,,
│h,е█еж,,
╧ї,е╖ечеж,,
┴Є,еъехеж,,
│Ю,е┤,,
▒о,е╥,,
┤┼,е╕,,
╜╕,е╖ечеж,,
ьэ,е╖,,
╫ц,е╜,,
╧щ,е╖ечеж,,
╞▒,е╥ечеж,,
╜√,енеє,,
ь°,е╝еє,,
╡Ь,ел,,
╕г,е╒еп,,
┐╞,ел,,
├ы,е╙ечеж,,
╫т,е╜,,
╓╚,е┴е─,,
│╞,е╖ечеж,,
╦░,е╝ед,,
╓╔,е┴,,
╕х,е│еж,,
╖Y,е│еп,,
╖В,елеп,,
╟╘,е╗е─,,
╓╧,е┴е─,,
╕o,еъехеж,,
╒┬,е╖ечеж,,
╖√,е╒,,
╡┌,е└ед,,
▓▀,е╡еп,,
╣w,ел,,
╦у,е╡еє,,
╣а,е╧еє,,
║V,е╚еп,,
║Ж,елеє,,
▓╛,е▄,,
╝о,е╗ен,,
╗В,е╣ед,,
╗Н,е╖ехеп,,
╗Т,е╖ечеж,,
╠╟,е╚еж,,
╧╡,е▒ед,,
╝m,енехеж,,
╝o,ен,,
╝s,ефеп,,
╝y,етеє,,
╝Г,е╕ехеє,,
╝Й,енехеж,,
╦ў,е╡еп,,
└█,еыед,,
╝Э,е╖еє,,
╜B,е╖ечеж,,
╜C,е│еє,,
╜o,енехеж,,
╛S,ед,,
╛o,енеє,,
╛t,е╜еж,,
╛А,е╗еє,,
╛Х,ед,,
┐Г,е╗ен,,
╖▒,е╧еє,,
┐Н,е╗еє,,
є╛,елеє,,
╩Ё,е╖еч,,
┴T,е╥,,
┴_,ещ,,
┴x,ео,,
╬╠,екеж,,
╥ю,ешеп,,
┬},е╗ед,,
┬Ъ,е╖ечеп,,
╚т,е╦еп,,
╨д,е╖ечеж,,
╓л,е╖,,
╖╛,е▄еж,,
┐╧,е│еж,,
╖╬,е╧ед,,
╬╕,ед,,
╡и,е┐еє,,
╠е,е┐ед,,
░√,е█еж,,
ы╪,е╔еж,,
─▄,е╬еж,,
├},е▀еуеп,,
├Ч,е╬еж,,
├Ы,е┴ечеж,,
─c,е┴ечеж,,
─w,е╒,,
─д,е▐еп,,
─а,е╛еж,,
┼h,е╖еу,,
┼n,е█,,
║╜,е│еж,,
░у,е╧еє,,
▓░,е╧еп,,
╕▓,е╒еп,дкдк,дж
,,дпд─дмди,д╣
,,дпд─дмди,ды
╥Щ,елеп,дкд▄,диды
,,д╡,д▐д╣
,,д╡,дсды
╙H,е╖еє,дкдф,
,,д╖д┐,д╖дд
,,д╖д┐,д╖др
╜╟,елеп,длд╔,
,,д─д╬,
┤е,е╖ечеп,д╒,дьды
,,д╡дя,ды
╤╘,е▓еє,дд,дж
,е┤еє,д│д╚,
╘L,е█еж,дкд╚д║,дьды
,,д┐д║,д═ды
╘З,е╖,д│д│дэ,д▀ды
,,д┐дс,д╣
╒{,е┴ечеж,д╖дщ,д┘ды
,,д╚д╚д╬,дж
,,д╚д╚д╬,диды
╒И,е╗ед,д│,дж
,е╖еє,дж,д▒ды
╪У,е╒,д▐,д▒ды
,,д▐,длд╣
,,дк,дж
┘F,ен,д┐д├д╚,дд
,,д╚джд╚,дд
,,д┐д├д╚,д╓
,,д╚джд╚,д╓
╫у,е╜еп,двд╖,
,,д┐,дъды
,,д┐,ды
,,д┐,д╣
╠°,е┴ечеж,д╧,д═ды
,,д╚,д╓
▐x,е╪еє,двд┐,дъ
,,д┘,
╠╙,е╚еж,д╦,д▓ды
,,д╦,дмд╣
,,д╬дм,д╣
,,д╬дм,дьды
═и,е─еж,д╚дк,ды
,е─,д╚дк,д╣
,,длдш,дж
╦┘,е╜еп,д╧дф,дд
,,д╧дф,дсды
,,д╣д▀,дфдл
▀^,ел,д╣,доды
,,д╣,д┤д╣
,,двдфд▐,д─
,,двдфд▐,д┴
╓╪,е╕ехеж,ди,
,е┴ечеж,дкдт,дд
,,длд╡,д═ды
,,длд╡,д╩ды
щ],е╪ед,д╚,д╕ды
,,д╚,д╢д╣
,,д╖,дсды
,,д╖,д▐ды
щ_,елед,д╥дщ,дп
,,д╥дщ,д▒ды
,,дв,дп
,,дв,д▒ды
щg,елеє,двддд└,
,е▒еє,д▐,
╜╡,е│еж,дк,дъды
,,дк,дэд╣
,,д╒,ды
╝п,е╖ехеж,двд─,д▐ды
,,двд─,дсды
,,д─д╔,дж
ыy,е╩еє,длд┐,дд
,,дрд║дл,д╖дд
├ц,есеє,дкдт,
,,дкдтд╞,
,,д─дщ,
╥Ї,екеє,дкд╚,
,едеє,д═,
ю^,е╚еж,двд┐д▐,
,е║,длд╖дщ,
,е╚,,
╩│,е╖ечеп,дп,дж
,е╕ен,дп,дщдж
,,д┐,д┘ды
ёR,е╨,джд▐,
,,д▐,
Ї~,еоеч,дждк,
,,д╡длд╩,
╗╞,е│еж,дн,
,екеж,д│,
├{,енечеж,дкд╙дф,длд╣
,,дкд╔,д╣
,,дкд╔,длд╣
╓█,е╖ехеж,д╒д═,
,,д╒д╩,
┤м,е╗еє,д╒д═,
,,д╒д╩,
├ч,е╙ечеж,д╩ди,
,,д╩дя,
╗─,е│еж,двдщ,дд
,,дв,дьды
,,дв,дщд╣
╘Т,ея,д╧д╩,д╣
,,д╧д╩д╖,
╓|,ешеж,джд┐дд,
,,джд┐,дж
▌X,е▒ед,длды,дд
,,длдэ,дфдл
▀B,еьеє,д─дщ,д╩ды
,,д─дщ,д═ды
,,д─,дьды
▀W,е┴,дкдп,дьды
,,дкдп,дщд╣
,,дкд╜,дд
╛╞,е╖ех,д╡д▒,
,,д╡дл,
╜Ё,енеє,длд═,
,е│еє,длд╩,
ъИ,елеє,дкд┴дд,ды
,,дкд╚д╖дд,дьды
ыO,еъеє,д╚д╩,ды
,,д╚д╩дъ,
╨█,ецеж,дк,
,,дкд╣,
┤╞,е╖,дс,
,,дсд╣,
╙ъ,еж,двдс,
,,двд▐,
эФ,е┴ечеж,ддд┐д└,дп
,,ддд┐д└дн,
юm,ещед,д┐д╬,др
,,д┐д╬,дтд╖дд
,,д┐дш,ды
яL,е╒еж,длд╝,
,е╒,длд╢,
╧у,е│еж,дл,
,енечеж,длдк,дъ
,,длдк,ды
╜j,ещеп,длдщ,др
,,длдщ,д▐ды
╜~,е╝е─,д┐,диды
,,д┐,дфд╣
,,д┐,д─
╛A,е╛еп,д─д┼,дп
,,д─д┼,д▒ды
╛Ж,е╞ед,д╖,д▐ды
,,д╖,дсды
╛П,елеє,дцды,дд
,,дцды,дфдл
,,дцды,др
,,дцды,дсды
┐s,е╖ехеп,д┴д┬,др
,,д┴д┬,д▐ды
,,д┴д┬,дсды
,,д┴д┬,дьды
,,д┴д┬,дщд╣
╖н,е█еє,д╥дыдмди,ды
,,д╥дыдмди,д╣
┬Д,е╓еє,дн,дп
,етеє,дн,д│диды
╙¤,едеп,д╜д└,д─
,,д╜д└,д╞ды
═╤,е└е─,д╠,д░
,,д╠,д▓ды
╕п,е╒,дпд╡,ды
,,дпд╡,дьды
,,дпд╡,дщд╣
┼Є,е▄еж,д╒дп,дщдр
,,д╒дп,дьды
┼d,е│еж,дкд│,ды
,енечеж,дкд│,д╣
╬ш,е╓,д▐,дж
,,д▐,дд
┬ф,ещеп,дк,д┴ды
,,дк,д╚д╣
╒Ї,е╕ечеж,др,д╣
,,др,дьды
,,др,дщд╣
▒б,е╧еп,джд╣,дд
,,джд╣,дсды
,,джд╣,д▐ды
,,джд╣,дщд░
,,джд╣,дьды
┴╤,еье─,д╡,дп
,,д╡,д▒ды
╥К,е▒еє,д▀,ды
,,д▀,диды
,,д▀,д╗ды
╜т,елед,д╚,дп
,е▓,д╚,длд╣
,,д╚,д▒ды
╙Л,е▒ед,д╧дл,ды
,,д╧дл,дщдж
╘С,ене─,д─,дсды
,,д─,д▐ды
,,д─,др
╒Z,е┤,длд┐,ды
,,длд┐,дщдж
┘M,е╥,д─дд,дфд╣
,,д─дд,диды
│р,е╗ен,двдл,
,е╖еуеп,двдл,дд
,,двдл,дщдр
,,двдл,дщдсды
╞Ё,ен,дк,днды
,,дк,д│ды
,,дк,д│д╣
│м,е┴ечеж,д│,диды
,,д│,д╣
╘╜,еие─,д│,д╣
,,д│,диды
╙╗,ешеж,дкд╔,ды
,,дкд╔,дъ
╠д,е╚еж,д╒,др
,,д╒,д▐диды
▄Ы,е╩еє,дфдя,дщдл
,,дфдя,дщдлдд
▄Ю,е╞еє,д│дэ,дмды
,,д│дэ,д▓ды
,,д│дэ,дмд╣
,,д│дэ,д╓
▌d,е╡ед,д╬,д╗ды
,,д╬,ды
╖╡,е╪еє,длди,д╣
,,длди,ды
═╦,е┐ед,д╖дъд╛,дп
,,д╖дъд╛,д▒ды
─ц,еоеуеп,д╡дл,
,,д╡дл,дщдж
═╕,е╚еж,д╣,дп
,,д╣,длд╣
,,д╣,д▒ды
▀M,е╖еє,д╣д╣,др
,,д╣д╣,дсды
▀`,ед,д┴дм,дж
,,д┴дм,диды
╟▓,е▒еє,д─дл,дж
,,д─дл,дяд╣
тg,е╔еє,д╦д╓,дд
,,д╦д╓,ды
цВ,е┴еє,д╖д║,дсды
,,д╖д║,д▐ды
ъО,едеє,длд▓,
,,длд▓,ды
╕Ї,елеп,д╪д└,д╞ды
,,д╪д└,д┐ды
ыL,едеє,длдп,д╣
,,длдп,дьды
ыx,еъ,д╧д╩,дьды
,,д╧д╩,д╣
╒Ё,е╖еє,д╒ды,дж
,,д╒ды,диды
╟р,е╗ед,двдк,
,е╖ечеж,двдк,дд
╛▓,е╗ед,д╖д║,
,е╕ечеж,д╖д║,дл
,,д╖д║,д▐ды
,,д╖д║,дсды
юA,еш,двд║,д▒ды
,,двд║,длды
яw,е╥,д╚,д╓
,,д╚,д╨д╣
яЦ,е█еж,дв,днды
,,дв,длд╣
ёl,еп,дл,д▒ды
,,дл,ды
є@,енечеж,дкд╔дэ,дп
,,дкд╔дэ,длд╣
╕▀,е│еж,д┐дл,дд
,,д┐дл,
,,д┐дл,д▐ды
,,д┐дл,дсды
°Q,есед,д╩,дп
,,д╩,ды
,,д╩,дщд╣
№\,е│еп,дпдэ,
,,дпдэ,дд
╗и,ел,д╧д╩,
╖╝,е█еж,длдєд╨,д╖дд
╤┐,ем,дс,
├п,ет,д╖д▓,ды
╛е,е▒ед,дпдн,
▓▌,е╜еж,дпд╡,
║╔,ел,д╦,
▓╦,е╡ед,д╩,
╚A,ел,д╧д╩,
,е▒,,
╚~,ешеж,д╧,
╘с,е╜еж,д█дждр,ды
╨ю,е┴еп,д┐дпдя,диды
╩i,е╛еж,дпдщ,
╦],е╗еє,д╣д╣,дсды
╨╜,е╖еє,д┐дндо,
╦`,епеє,длдк,ды
╦a,ефеп,дпд╣дъ,
╘х,е╜еж,дт,
┼░,еоеуеп,д╖ддд┐,д▓ды
│ц,е┴ехеж,дрд╖,
▓╧,е╡еє,длддд│,
╔▀,е╕еу,д╪д╙,
,е└,,
═w,е▒ед,д█д┐ды,
╤к,е▒е─,д┴,
╜╓,емед,д▐д┴,
,елед,,
╥┬,ед,д│дэдт,
╦е,е╣ед,дкд╚дэ,диды
┤№,е┐ед,д╒дпдэ,
▒╗,е╥,д│дждр,ды
╫░,е╜еж,дшд╜дк,дж
,е╖ечеж,,
╤Y,еъ,дждщ,
╤a,е█,дкдод╩,дж
┬у,ещ,д╧д└дл,
░¤,е█еж,д█,дсды
╜є,енеє,дидъ,
╥u,е╖ехеж,дкд╜,дж
╬ў,е╗ед,д╦д╖,
,е╡ед,,
╥к,ешеж,дд,ды
╙С,е╚еж,дж,д─
╙Ы,ен,д╖ды,д╣
╘O,е╗е─,дтдж,д▒ды
╘S,енеч,дцды,д╣
╘U,ефеп,дяд▒,
╘V,е╜,джд├д┐,диды
╘\,е╖еє,д▀,ды
╘t,е╖ечеж,д▀д│д╚д╬дъ,
╘Б,еиед,дш,др
╘Ф,е╖ечеж,дпдя,д╖дд
╒F,е│,д█д│,ды
╙■,еш,д█д▐дь,
╒J,е╦еє,д▀д╚,дсды
╩─,е╗ед,д┴дл,дж
╒T,ецеж,д╡д╜,дж
╒\,е╗ед,д▐д│д╚,
╒`,е┤,двдфд▐,ды
╒h,е╗е─,д╚,дп
,е╝ед,,
╒i,е╔еп,дш,др
,е╚еп,,
,е╚еж,,
╓I,ец,д╡д╚,д╣
╓J,е╖,д╧дл,ды
╓\,е▄еж,д╧дл,ды
,ер,,
╓x,е╖еу,двдфд▐,ды
╓Ф,енеє,д─д─д╖,др
╫j,е╕ечеж,дцд║,ды
╣╚,е│еп,д┐д╦,
╢╣,е╚еж,д▐дс,
,е║,,
╪N,е█еж,дцд┐дл,
ыр,е╚еє,д╓д┐,
╪Х,е│еж,д▀д─д░,
,еп,,
╪Ъ,е╥еє,д▐д║,д╖дд
,е╙еє,,
╪Ю,елеє,д─дщд╠,дп
╪Я,е╗ен,д╗,дсды
┘I,е╨ед,дл,дж
┘J,е┐ед,дл,д╣
┘V,еяед,д▐длд╩,дж
┘n,е╖,д┐д▐дя,ды
┘t,е▒еє,длд╖д│,дд
┘Ы,е╛еж,дкдп,ды
,е╜еж,,
╫▀,е╜еж,д╧д╖,ды
╕░,е╒,дкдтдр,дп
╚д,е╖ех,дкдтдрдн,
█E,е╗ен,двд╚,
┬╖,еэ,д╕,
▄S,ефеп,дкд╔,ды
╔э,е╖еє,д▀,
▄З,е╖еу,дпдыд▐,
▄О,е▒еє,д╬дн,
▌x,ен,длдмдф,дп
▌Ж,еъеє,дя,
╨┴,е╖еє,длдщ,дд
┤╟,е╕,дф,дсды
╚ш,е╕ечеп,д╧д║длд╖,дсды
╙н,е▓ед,дрдл,диды
╜№,енеє,д┴дл,дд
╞╚,е╧еп,д╗д▐,ды
╩Ў,е╕ехе─,д╬,д┘ды
├╘,есед,д▐дш,дж
╫╖,е─ед,дк,дж
╦═,е╜еж,дкдп,ды
╩┼,е╗ед,дц,дп
╘ь,е╛еж,д─дп,ды
╦ь,е╣ед,д╚,д▓ды
▀[,ецеж,двд╜,д╓
,ец,,
▀\,ежеє,д╧д│,д╓
╡└,е╔еж,д▀д┴,
,е╚еж,,
▀h,еиеє,д╚дк,дд
,екеє,,
╘т,е╜еж,дв,дж
╒┌,е╖еу,д╡дидо,ды
▀x,е╗еє,дидщ,д╓
▒▄,е╥,д╡,д▒ды
╢╝,е╚,д▀дфд│,
,е─,,
╫├,е╖еуеп,дп,др
┼ф,е╧ед,дпд╨,ды
сE,е╣ед,дш,дж
їб,е╡еп,д╣,
╦с,е╡еє,д╣,дд
сh,е╖ехеж,д▀д╦дп,дд
с|,е╕ечеж,длдт,д╣
└я,еъ,д╡д╚,
╥░,еф,д╬,
┴┐,еъечеж,д╧дл,ды
сШ,е╖еє,д╧дъ,
сЮ,е┴ечеж,д─,ды
тП,еьед,д╣д║,
,еъеє,,
уU,еиеє,д╩д▐дъ,
фE,е╗еє,д╝д╦,
фД,еиед,д╣дыд╔,дд
фК,е┴ехеж,дд,ды
фУ,е│еж,д╧дмд═,
хN,е╣ед,д─др,
хС,е┐еє,днд┐,диды
цi,е╡,дпд╡дъ,
чR,енечеж,дмдлд▀,
чК,е╖ечеж,длд═,
щL,е┴ечеж,д╩дм,дд
щT,етеє,длд╔,
щv,елеє,д╗дн,
ъL,е╚еж,д┐д┐дл,дж
╖└,е▄еж,д╒д╗,д░
╫ш,е╜,д╧д╨,др
╧▐,е▓еє,длдо,ды
│¤,е╕еч,д╬д╛,дп
,е╕,,
┴ъ,еъечеж,д▀д╡д╡до,
ъУ,е▒еє,д▒дя,д╖дд
╙ч,е░еж,д╣д▀,
ыH,е╡ед,дндя,
╒╧,е╖ечеж,д╡дя,ды
╣═,е│,дфд╚,дж
╤й,е╗е─,дцдн,
ыЕ,ежеє,дпдт,
└╫,ещед,длд▀д╩дъ,
ыС,еьед,д┐д▐,
,еъечеж,,
╦к,е╜еж,д╖дт,
ьF,ер,дндъ,
┬╢,еэ,д─дц,
,еэеж,,
╕я,елеп,длдя,
╤е,ел,дпд─,
эС,енечеж,д╥д╙,дп
ю~,емеп,д╥д┐дд,
юЖ,емеє,длдк,
юК,емеє,д═дм,дж
юЩ,е│,длдидъ,д▀ды
я|,ен,дж,диды
яИ,е╧еє,дсд╖,
яЛ,едеє,д╬,др
яХ,е╖,дл,дж
яЧ,е╖ечеп,длд╢,ды
ЁB,ешеж,дфд╖д╩,дж
╩╫,е╖ех,дпд╙,
ЄX,е╜еж,д╡дя,д░
╣╟,е│е─,д█д═,
єК,е╧е─,длд▀,
╣э,ен,дкд╦,
╗ъ,е│еє,д┐д▐д╖дд,
їr,е╗еє,двд╢,дфдл
ЎL,е▓ед,дпд╕дщ,
°B,е┴ечеж,д╚дъ,
∙Н,е▒ед,д╦дяд╚дъ,
√Р,еьед,дждыдя,д╖дд
┬є,е╨еп,дрдо,
┬щ,е▐,двд╡,
№a,етеп,д└д▐,ды
╣─,е│,д─д┼д▀,
▒╟,е╙,д╧д╩,
оА,,д╗,
,,джд═,
▐z,,д│,др
,,д│,дсды
╧ф,,д╧д│,
└R,,дп,ды
╝б,,д╧д└,
╙є,,дддт,
╓е,,д╖д╨,
╙▌,,дкд╜дь,
╬├,,дл,
╪Р,,длдд,
╛л,е╗ед,,
,е╖ечеж,,
╦╪,е╜,,
,е╣,,
╜},елед,,
,еи,,
┴P,е╨е─,,
,е╨е┴,,
║─,етеж,,
,е│еж,,
│╝,е╖еє,,
,е╕еє,,
▓ш,е┴еу,,
,е╡,,
╨щ,енеч,,
,е│,,
╨\,е╖ехеж,,
,е╖ех,,
╧є,е╖ечеж,,
,е╛еж,,
╪Ф,е╢ед,,
,е╡ед,,
┘|,е╖е─,,
,е╖е┴,,
,е┴,,
▀z,ед,,
,ецед,,
р_,енечеж,,
,е┤еж,,
у\,е╧е┴,,
,е╧е─,,
ыj,е╢е─,,
,е╛еж,,
ЄY,е▒еє,,
,е▓еє,,
Эh╫╓,╥Ї╒iд▀,╙Ц╒iд▀,
═з,е╞ед,,
┼Ю,елеє,,
▄┐,е▓ед,,
╙в,еиед,,
╟P,е╜еж,,
╛╒,енеп,,
╛·,енеє,,
╟С,ел,,
╖к,е╧еє,,
╠Ф,еъеч,,
┬∙,е╨еє,,
╚┌,ецеж,,
╨g,е╕ехе─,,
╨l,еиед,,
╨n,е╖ечеж,,
║т,е│еж,,
╓╘,е┴ехеж,,
╘г,ецеж,,
╤u,е╗ед,,
╤},е╒еп,,
║╓,еле─,,
╥Ж,е╧,,
╥О,ен,,
╥Х,е╖,,
╙E,ещеє,,
╙Q,елеє,,
╙Ж,е╞ед,,
╙Ц,епеє,,
╙Ъ,е┐еп,,
╘A,е╖ечеж,,
╘^,е╖ечеж,,
╘p,е╡,,
╘u,е╥ечеж,,
╘~,е╖,,
╘К,е╖,,
╘У,емед,,
╒I,е╖,,
╒Q,е┐еє,,
╒n,ел,,
╒Д,е└еє,,
╒У,еэеє,,
╓T,е╖еч,,
╓Z,е└еп,,
╓],еие─,,
╓`,е╚еж,,
╓t,е▒еє,,
╓v,е│еж,,
╫R,е╖ен,,
╫V,е╒,,
╛п,е▒ед,,
╫h,ео,,
╫o,е┤,,
║└,е┤еж,,
╪С,е╞ед,,
╪Ы,ел,,
╪Ь,е╧еє,,
┘A,е┴еч,,
┘Q,е▄еж,,
┘R,ем,,
┘U,е┴еє,,
┘Y,е╖,,
┘\,е╛еп,,
┘e,е╥еє,,
┘m,е╡еє,,
┘p,е╖ечеж,,
┘r,е╨ед,,
┘x,е╒,,
┘П,е│еж,,
╔т,е╖еу,,
╛р,енеч,,
╝∙,е╗еє,,
▄Й,ен,,
▄К,е░еє,,
▌S,е╕еп,,
▌^,елеп,,
▌Е,е╧ед,,
▌Ф,ец,,
▌а,еле─,,
▐r,е╬еж,,
╤╕,е╕еє,,
╡№,е╞е─,,
╓Ё,е┴еп,,
▐Ю,е╞ед,,
═╛,е╚,,
┤■,е┐ед,,
▀L,е╖ехеж,,
╥▌,еде─,,
╙Ў,е░еж,,
▒щ,е╪еє,,
▀_,е┐е─,,
▀m,е╞ен,,
╫ё,е╕ехеє,,
▀w,е╗еє,,
▀А,елеє,,
░ю,е█еж,,
╨░,е╕еу,,
█б,е╞ед,,
╜╝,е│еж,,
└╔,еэеж,,
┐д,е░еє,,
▓┐,е╓,,
╣∙,елеп,,
р],ецеж,,
└╥,ещеп,,
│ъ,е╖ехеж,,
╜═,е│еж,,
┐с,е│еп,,
сЛ,е╖еуеп,,
тЯ,е╞е─,,
уk,е│еж,,
уy,еоеє,,
у|,е╕ехеж,,
у~,е╔еж,,
уК,е╗еє,,
уС,есед,,
хV,е╕ечеж,,
хb,еьеє,,
хe,е╡еп,,
хh,еэеп,,
шa,елеє,,
щe,елеє,,
щw,елеп,,
щy,е╨е─,,
щЗ,еие─,,
╕╜,е╒,,
▒▌,е╪ед,,
╘║,едеє,,
ъЗ,е╕еє,,
┼у,е╨ед,,
ъР,е┴еє,,
╠╒,е╚еж,,
ъС,еъеп,,
ъЦ,ешеж,,
┬б,еъехеж,,
ъа,е┐ед,,
ыA,елед,,
╦ц,е║ед,,
ы_,еьед,,
ыb,е╗ен,,
╤┼,ем,,
ыГ,е╒еє,,
┴у,еьед,,
ыК,е╟еє,,
╨ш,е╕ех,,
╖╟,е╥,,
эН,едеє,,
эЧ,е│еж,,
эШ,е╕ехеє,,
юB,емеє,,
юC,е╧еє,,
юI,еъечеж,,
юl,е╥еє,,
ю},е└ед,,
юЗ,е▒еє,,
юР,еыед,,
ЁI,ем,,
Ё^,елеє,,
ёj,е└,,
ёk,еиен,,
ёv,е┴ехеж,,
ЄT,ен,,
Єv,е╚еж,,
єl,е║ед,,
ў╚,е▀,,
─з,е▐,,
¤h,еьед,,
